<?xml version="1.0" encoding="UTF-8"?>
<project-private xmlns="http://www.netbeans.org/ns/project-private/1">
    <editor-bookmarks xmlns="http://www.netbeans.org/ns/editor-bookmarks/2" lastBookmarkId="1"/>
    <open-files xmlns="http://www.netbeans.org/ns/projectui-open-files/2">
        <group>
            <file>file:/C:/Users/s157710/Documents/NetBeansProjects/Integer%20Arithmetic/src/main/Subtract.java</file>
            <file>file:/C:/Users/s157710/Documents/NetBeansProjects/Integer%20Arithmetic/test/example.txt</file>
            <file>file:/C:/Users/s157710/Documents/NetBeansProjects/Integer%20Arithmetic/test/test1_2.txt</file>
            <file>file:/C:/Users/s157710/Documents/NetBeansProjects/Integer%20Arithmetic/src/main/Karatsuba.java</file>
            <file>file:/C:/Users/s157710/Documents/NetBeansProjects/Integer%20Arithmetic/src/main/Operation.java</file>
            <file>file:/C:/Users/s157710/Documents/NetBeansProjects/Integer%20Arithmetic/src/main/IntegerArithmetic.java</file>
        </group>
    </open-files>
</project-private>
